auc,lo,hi,B,train,test
0.49850131135256653,0.4156545585515522,0.5812322847210027,200,Nepal,Türkiye
0.3998670640841288,0.39872077752121904,0.40102267173054934,200,Türkiye,Nepal
