metric,var_regime,var_model,var_resid
auc,0.5184966156447391,0.018930101067050977,0.46257328328820985
macro_f1,0.5618782705091947,0.0025550288488336032,0.4355667006419718
accuracy,0.0536293776907305,0.24697866985962066,0.6993919524496488
